id,symbol,market_cap,total_volume,current_price,market_cap_rank,exchange,blockchain,total_supply,max_supply,twitter_followers,certik_score,activity_score,total_active_users_7d,google_trends_score
pi-network,pi,10229.7M,380.3M,$1.45,13,Gate.io,Layer 1 (L1),10835536508.28896,100000000000.0,4.3 mln,Brak danych,Brak danych,3.585,42.72781065088758
mantle,mnt,2500.0M,39.1M,$0.74321,49,Bybit,ethereum,6219316794.99,6219316794.99,882.4 tys.,Brak danych,Brak danych,1.747,58.38461538461539
kaspa,kas,2079.4M,65.1M,$0.08042,55,MEXC,Kaspa Ecosystem,25862958722.73167,28704026601.0,246.8 tys.,Brak danych,Brak danych,87,52.89349112426036
ronin,ron,502.1M,14.5M,$0.81287,139,Katana,ronin,1000000000.0,1000000000.0,260.2 tys.,Brak danych,Brak danych,1.747,57.75739644970414
grass,grass,404.1M,42.2M,$1.47,167,DigiFinex,solana,1000000000.0,1000000000.0,557.5 tys.,Brak danych,Brak danych,3.585,67.90532544378698
spx6900,spx,374.6M,20.9M,$0.40263,176,Uniswap V3 (Base),ethereum,930993086.00641,1000000000.0,Brak danych,70.11,Medium,1.747,0.0
fartcoin,fartcoin,337.5M,84.7M,$0.33534,189,Raydium (CLMM),solana,999993775.743286,1000000000.0,65.5 tys.,Brak danych,Brak danych,87,0.0
based-brett,brett,332.2M,14.9M,$0.03365,190,DigiFinex,base,9909896093.961708,9999998988.0,150.3 tys.,Brak danych,Brak danych,87,0.0
