Name,Symbol,Price,Volume,Blockchain,Added,Coin ID,Coin Symbol,Total Supply,Max Supply,Market Cap,Market Cap Rank,Twitter Followers,CertiK Score,CertiK Level,Active Users (7d),Google Trends Score
lilo,N/A,$0.0123208,0.3M,Solana,1 day ago,Brak danych,BRAK DANYCH,Nieznane,Nieznane,Nieznane,Nieznane,2.2 mln,Brak danych,Brak danych,Brak danych,0.0
lf,N/A,$0.0008085,9.1M,Ethereum,4 days ago,lf,LF,10000000000.0,10000000000.0,0.0M,Nieznane,26 tys.,Brak danych,Brak danych,Brak danych,83.85207100591715
elixir,N/A,$0.4416,46.5M,Ethereum,5 days ago,elixir-finance,ELX,1000000000.0,1000000000.0,70.6M,539,105.5 tys.,Brak danych,Brak danych,Brak danych,68.11242603550296
zoo,N/A,$0.057108,2.9M,Own Blockchain,17 days ago,zoo,ZOO,264084737391.0,264084737391.0,1.9M,2748,434.9 tys.,Brak danych,Brak danych,Brak danych,59.72781065088758
perry,N/A,$0.002479,0.4M,BNB,24 days ago,perry,PERRY,1000000000.0,1000000000.0,2.4M,2493,1 792,Brak danych,Brak danych,Brak danych,61.04733727810651
hu le zhi,N/A,$0.00222,4.9M,Ethereum,25 days ago,Brak danych,BRAK DANYCH,Nieznane,Nieznane,Nieznane,Nieznane,2.2 mln,Brak danych,Brak danych,Brak danych,0.0
libra,N/A,$0.05851,4.6M,Solana,28 days ago,libra-4,LIBRA,999940253.079893,999999999.0,0.4M,4443,8 735,Brak danych,Brak danych,Brak danych,72.42011834319527
fafo,N/A,$0.001599,1.6M,Solana,30 days ago,fafo,FAFO,999886058.72333,999991102.68,1.6M,2924,Brak danych,Brak danych,Brak danych,Brak danych,11.207100591715976
miu,N/A,$0.089488,0.7M,Sui,31 days ago,miu,MIU,1000000000.0,1000000000.0,0.0M,Nieznane,339,Brak danych,Brak danych,Brak danych,72.82840236686391
pi,N/A,$1.44,458.5M,Own Blockchain,32 days ago,Brak danych,BRAK DANYCH,Nieznane,Nieznane,Nieznane,Nieznane,2.2 mln,Brak danych,Brak danych,Brak danych,0.0
onfa,N/A,$0.1416,1.5M,BNB,36 days ago,onfa,OFT,287795420.2609897,300000000.0,16.9M,1173,6 610,84.56,Low,153,1.6331360946745561
henlo,N/A,$0.098765,6.6M,Ethereum,43 days ago,henlo-2,HENLO,199434591407363.4,210690000000000.0,0.2M,5638,39.6 tys.,Brak danych,Brak danych,Brak danych,5.201183431952662
jelly-my-jelly,N/A,$0.005406,8.8M,Solana,44 days ago,jelly-my-jelly,JELLYJELLY,999999099.34,999999099.34,5.4M,1818,Brak danych,Brak danych,Brak danych,Brak danych,0.0
pineye,N/A,$0.0003489,0.5M,BNB,47 days ago,pineye,PINEYE,1000000000.0,1000000000.0,0.1M,6075,233.5 tys.,65.46,Low,233,0.591715976331361
alon,N/A,$0.006531,3.1M,Solana,50 days ago,alon,ALON,997961741.83,997961741.83,0.0M,Nieznane,151.3 tys.,Brak danych,Brak danych,Brak danych,68.35502958579882
miaocoin,N/A,$0.003722,0.4M,BNB,51 days ago,miaocoin,MIAO,1000000000.0,1000000000.0,3.7M,2119,56.5 tys.,Brak danych,Brak danych,Brak danych,0.591715976331361
